"Class","Family","Genus","Kingdom","name","Order","Phylum","RAmean","RARange","RAsum","selected","shared name","X"
"Gammaproteobacteria","Burkholderiaceae","Herbaspirillum","Bacteria","ASV165_Herbaspirillum","Betaproteobacteriales","Proteobacteria","6.16767330642508E-5","Q2","0.00616767330642508","false","ASV165_Herbaspirillum","ASV165"
"Alphaproteobacteria","Rhizobiaceae","ANPR","Bacteria","ASV451_ANPR","Rhizobiales","Proteobacteria","1.51951714014552E-5","Q1","0.00151951714014552","false","ASV451_ANPR","ASV451"
"Alphaproteobacteria","Rhizobiaceae","unknown","Bacteria","ASV667_unknown","Rhizobiales","Proteobacteria","1.06008120423249E-5","Q1","0.00106008120423249","false","ASV667_unknown","ASV667"
"Gammaproteobacteria","Pseudomonadaceae","Pseudomonas","Bacteria","ASV28_Pseudomonas","Pseudomonadales","Proteobacteria","0.00308177461463861","Q4","0.308177461463861","false","ASV28_Pseudomonas","ASV28"
"Alphaproteobacteria","Caulobacteraceae","Caulobacter","Bacteria","ASV77_Caulobacter","Caulobacterales","Proteobacteria","1.88776761181907E-4","Q3","0.0188776761181907","false","ASV77_Caulobacter","ASV77"
"Alphaproteobacteria","Rhizobiaceae","unknown","Bacteria","ASV632_unknown","Rhizobiales","Proteobacteria","9.33281868407257E-6","Q1","9.33281868407257E-4","false","ASV632_unknown","ASV632"
"Alphaproteobacteria","NA","unknown","Bacteria","ASV560_unknown","NA","Proteobacteria","1.07892775162707E-5","Q1","0.00107892775162707","false","ASV560_unknown","ASV560"
"Alphaproteobacteria","NA","unknown","Bacteria","ASV523_unknown","Rhizobiales","Proteobacteria","1.1843379278497E-5","Q1","0.0011843379278497","false","ASV523_unknown","ASV523"
"Alphaproteobacteria","Caulobacteraceae","Caulobacter","Bacteria","ASV401_Caulobacter","Caulobacterales","Proteobacteria","1.58427477661726E-5","Q1","0.00158427477661726","false","ASV401_Caulobacter","ASV401"
"Gammaproteobacteria","Pseudomonadaceae","Pseudomonas","Bacteria","ASV171_Pseudomonas","Pseudomonadales","Proteobacteria","1.42582232876042E-4","Q3","0.0142582232876042","false","ASV171_Pseudomonas","ASV171"
"Alphaproteobacteria","Rhizobiaceae","unknown","Bacteria","ASV581_unknown","Rhizobiales","Proteobacteria","1.24726267555522E-5","Q1","0.00124726267555522","false","ASV581_unknown","ASV581"
"Alphaproteobacteria","Rhizobiaceae","ANPR","Bacteria","ASV311_ANPR","Rhizobiales","Proteobacteria","2.82049568630323E-5","Q2","0.00282049568630323","false","ASV311_ANPR","ASV311"
"Alphaproteobacteria","Rhizobiaceae","Mesorhizobium","Bacteria","ASV4_Mesorhizobium","Rhizobiales","Proteobacteria","0.0162390598506608","Q4","1.62390598506608","false","ASV4_Mesorhizobium","ASV4"
"Alphaproteobacteria","Caulobacteraceae","Caulobacter","Bacteria","ASV853_Caulobacter","Caulobacterales","Proteobacteria","6.70705957594197E-6","Q1","6.70705957594197E-4","false","ASV853_Caulobacter","ASV853"
"Gammaproteobacteria","Burkholderiaceae","Rhizobacter","Bacteria","ASV836_Rhizobacter","Betaproteobacteriales","Proteobacteria","6.04734352498629E-6","Q1","6.04734352498629E-4","false","ASV836_Rhizobacter","ASV836"
"Gammaproteobacteria","Burkholderiaceae","Duganella","Bacteria","ASV315_Duganella","Betaproteobacteriales","Proteobacteria","4.15564029305685E-5","Q2","0.00415564029305685","false","ASV315_Duganella","ASV315"
"Gammaproteobacteria","Burkholderiaceae","Duganella","Bacteria","ASV249_Duganella","Betaproteobacteriales","Proteobacteria","4.55091642117406E-5","Q2","0.00455091642117406","false","ASV249_Duganella","ASV249"
"Gammaproteobacteria","Burkholderiaceae","Achromobacter","Bacteria","ASV234_Achromobacter","Betaproteobacteriales","Proteobacteria","3.4936239909384E-5","Q2","0.0034936239909384","false","ASV234_Achromobacter","ASV234"
"Gammaproteobacteria","Burkholderiaceae","Achromobacter","Bacteria","ASV229_Achromobacter","Betaproteobacteriales","Proteobacteria","4.86759715596958E-5","Q2","0.00486759715596958","false","ASV229_Achromobacter","ASV229"
"Alphaproteobacteria","Rhizobiaceae","Mesorhizobium","Bacteria","ASV2_Mesorhizobium","Rhizobiales","Proteobacteria","0.0911486820199245","Q4","9.11486820199245","false","ASV2_Mesorhizobium","ASV2"
"Gammaproteobacteria","Burkholderiaceae","Duganella","Bacteria","ASV156_Duganella","Betaproteobacteriales","Proteobacteria","8.73415721691626E-5","Q3","0.00873415721691626","false","ASV156_Duganella","ASV156"
"Alphaproteobacteria","Rhizobiaceae","Mesorhizobium","Bacteria","ASV1223_Mesorhizobium","Rhizobiales","Proteobacteria","4.76869498173966E-6","Q1","4.76869498173966E-4","false","ASV1223_Mesorhizobium","ASV1223"
"Alphaproteobacteria","Rhizobiaceae","Mesorhizobium","Bacteria","ASV359_Mesorhizobium","Rhizobiales","Proteobacteria","1.80631461037121E-5","Q1","0.00180631461037121","false","ASV359_Mesorhizobium","ASV359"
"Gammaproteobacteria","Methylophilaceae","Methylovorus","Bacteria","ASV519_Methylovorus","Betaproteobacteriales","Proteobacteria","1.03920126567899E-5","Q1","0.00103920126567899","false","ASV519_Methylovorus","ASV519"
"Gammaproteobacteria","Burkholderiaceae","Duganella","Bacteria","ASV391_Duganella","Betaproteobacteriales","Proteobacteria","2.29656083622404E-5","Q2","0.00229656083622404","false","ASV391_Duganella","ASV391"
"Gammaproteobacteria","Burkholderiaceae","Rhizobacter","Bacteria","ASV119_Rhizobacter","Betaproteobacteriales","Proteobacteria","8.71495562762872E-5","Q3","0.00871495562762872","false","ASV119_Rhizobacter","ASV119"
"Alphaproteobacteria","Rhizobiaceae","ANPR","Bacteria","ASV637_ANPR","Rhizobiales","Proteobacteria","2.08790061593068E-5","Q1","0.00208790061593068","false","ASV637_ANPR","ASV637"
"Alphaproteobacteria","Rhizobiaceae","ANPR","Bacteria","ASV427_ANPR","Rhizobiales","Proteobacteria","2.51341865863261E-5","Q2","0.00251341865863261","false","ASV427_ANPR","ASV427"
"Alphaproteobacteria","Rhizobiaceae","unknown","Bacteria","ASV71_unknown","Rhizobiales","Proteobacteria","2.49063889809221E-4","Q4","0.0249063889809221","false","ASV71_unknown","ASV71"
"Alphaproteobacteria","Rhizobiaceae","Mesorhizobium","Bacteria","ASV306_Mesorhizobium","Rhizobiales","Proteobacteria","2.62133677646422E-5","Q2","0.00262133677646422","false","ASV306_Mesorhizobium","ASV306"
"Alphaproteobacteria","Rhizobiaceae","Mesorhizobium","Bacteria","ASV343_Mesorhizobium","Rhizobiales","Proteobacteria","2.70352430135492E-5","Q2","0.00270352430135492","false","ASV343_Mesorhizobium","ASV343"
"Alphaproteobacteria","Rhizobiaceae","Mesorhizobium","Bacteria","ASV112_Mesorhizobium","Rhizobiales","Proteobacteria","1.13920660337101E-4","Q3","0.0113920660337101","false","ASV112_Mesorhizobium","ASV112"
"Gammaproteobacteria","Pseudomonadaceae","unknown","Bacteria","ASV1396_unknown","Pseudomonadales","Proteobacteria","3.34137952886549E-6","Q1","3.34137952886549E-4","false","ASV1396_unknown","ASV1396"
"Alphaproteobacteria","Rhizobiaceae","ANPR","Bacteria","ASV1258_ANPR","Rhizobiales","Proteobacteria","4.92820995645522E-6","Q1","4.92820995645522E-4","false","ASV1258_ANPR","ASV1258"
"Gammaproteobacteria","Burkholderiaceae","unknown","Bacteria","ASV569_unknown","Betaproteobacteriales","Proteobacteria","9.31530179198896E-6","Q1","9.31530179198896E-4","false","ASV569_unknown","ASV569"
"Alphaproteobacteria","Rhizobiaceae","unknown","Bacteria","ASV157_unknown","Rhizobiales","Proteobacteria","7.34830336440212E-5","Q2","0.00734830336440212","false","ASV157_unknown","ASV157"
"Alphaproteobacteria","Rhizobiaceae","ANPR","Bacteria","ASV97_ANPR","Rhizobiales","Proteobacteria","1.07855267662943E-4","Q3","0.0107855267662943","false","ASV97_ANPR","ASV97"
"Alphaproteobacteria","Rhizobiaceae","ANPR","Bacteria","ASV920_ANPR","Rhizobiales","Proteobacteria","5.30715681793956E-6","Q1","5.30715681793956E-4","false","ASV920_ANPR","ASV920"
"Alphaproteobacteria","Rhizobiaceae","Mesorhizobium","Bacteria","ASV879_Mesorhizobium","Rhizobiales","Proteobacteria","8.58186835790173E-6","Q1","8.58186835790173E-4","false","ASV879_Mesorhizobium","ASV879"
"Alphaproteobacteria","Rhizobiaceae","Mesorhizobium","Bacteria","ASV87_Mesorhizobium","Rhizobiales","Proteobacteria","1.56357316974988E-4","Q3","0.0156357316974988","false","ASV87_Mesorhizobium","ASV87"
"Alphaproteobacteria","Rhizobiaceae","ANPR","Bacteria","ASV869_ANPR","Rhizobiales","Proteobacteria","5.98713605163113E-6","Q1","5.98713605163113E-4","false","ASV869_ANPR","ASV869"
"Alphaproteobacteria","Rhizobiaceae","Mesorhizobium","Bacteria","ASV84_Mesorhizobium","Rhizobiales","Proteobacteria","1.86311423904529E-4","Q3","0.0186311423904529","false","ASV84_Mesorhizobium","ASV84"
"Alphaproteobacteria","Rhizobiaceae","Mesorhizobium","Bacteria","ASV81_Mesorhizobium","Rhizobiales","Proteobacteria","2.08351863563255E-4","Q3","0.0208351863563255","false","ASV81_Mesorhizobium","ASV81"
"Alphaproteobacteria","Rhizobiaceae","Mesorhizobium","Bacteria","ASV756_Mesorhizobium","Rhizobiales","Proteobacteria","7.76466378848554E-6","Q1","7.76466378848554E-4","false","ASV756_Mesorhizobium","ASV756"
"Alphaproteobacteria","Rhizobiaceae","Mesorhizobium","Bacteria","ASV748_Mesorhizobium","Rhizobiales","Proteobacteria","6.30765217803704E-6","Q1","6.30765217803704E-4","false","ASV748_Mesorhizobium","ASV748"
"Alphaproteobacteria","Rhizobiaceae","unknown","Bacteria","ASV747_unknown","Rhizobiales","Proteobacteria","9.17407169778398E-6","Q1","9.17407169778398E-4","false","ASV747_unknown","ASV747"
"Gammaproteobacteria","Burkholderiaceae","unknown","Bacteria","ASV733_unknown","Betaproteobacteriales","Proteobacteria","6.74178475266955E-6","Q1","6.74178475266955E-4","false","ASV733_unknown","ASV733"
"Gammaproteobacteria","Pseudomonadaceae","Pseudomonas","Bacteria","ASV717_Pseudomonas","Pseudomonadales","Proteobacteria","7.67505224819728E-6","Q1","7.67505224819728E-4","false","ASV717_Pseudomonas","ASV717"
"Alphaproteobacteria","Caulobacteraceae","Caulobacter","Bacteria","ASV70_Caulobacter","Caulobacterales","Proteobacteria","7.6255268364267E-4","Q4","0.076255268364267","false","ASV70_Caulobacter","ASV70"
"Alphaproteobacteria","Rhizobiaceae","Mesorhizobium","Bacteria","ASV67_Mesorhizobium","Rhizobiales","Proteobacteria","2.74953172818051E-4","Q4","0.0274953172818051","false","ASV67_Mesorhizobium","ASV67"
"Alphaproteobacteria","Rhizobiaceae","Mesorhizobium","Bacteria","ASV66_Mesorhizobium","Rhizobiales","Proteobacteria","1.88353719509728E-4","Q3","0.0188353719509728","false","ASV66_Mesorhizobium","ASV66"
"Alphaproteobacteria","Rhizobiaceae","unknown","Bacteria","ASV63_unknown","Rhizobiales","Proteobacteria","2.28299385288093E-4","Q3","0.0228299385288093","false","ASV63_unknown","ASV63"
"Gammaproteobacteria","Pseudomonadaceae","Azorhizophilus","Bacteria","ASV626_Azorhizophilus","Pseudomonadales","Proteobacteria","1.17164134416736E-5","Q1","0.00117164134416736","false","ASV626_Azorhizophilus","ASV626"
"Alphaproteobacteria","Rhizobiaceae","Mesorhizobium","Bacteria","ASV6_Mesorhizobium","Rhizobiales","Proteobacteria","0.00979736771222836","Q4","0.979736771222836","false","ASV6_Mesorhizobium","ASV6"
"Alphaproteobacteria","Rhizobiaceae","unknown","Bacteria","ASV591_unknown","Rhizobiales","Proteobacteria","1.36115024480428E-5","Q1","0.00136115024480428","false","ASV591_unknown","ASV591"
"Alphaproteobacteria","Rhizobiaceae","ANPR","Bacteria","ASV59_ANPR","Rhizobiales","Proteobacteria","2.36146077474721E-4","Q3","0.0236146077474721","false","ASV59_ANPR","ASV59"
"Gammaproteobacteria","Pseudomonadaceae","Pseudomonas","Bacteria","ASV57_Pseudomonas","Pseudomonadales","Proteobacteria","3.84386072414323E-4","Q4","0.0384386072414323","false","ASV57_Pseudomonas","ASV57"
"Alphaproteobacteria","Rhizobiaceae","ANPR","Bacteria","ASV55_ANPR","Rhizobiales","Proteobacteria","2.48829316282396E-4","Q3","0.0248829316282396","false","ASV55_ANPR","ASV55"
"Alphaproteobacteria","Rhizobiaceae","ANPR","Bacteria","ASV53_ANPR","Rhizobiales","Proteobacteria","2.5661441694448E-4","Q4","0.025661441694448","false","ASV53_ANPR","ASV53"
"Alphaproteobacteria","Rhizobiaceae","Mesorhizobium","Bacteria","ASV51_Mesorhizobium","Rhizobiales","Proteobacteria","2.72278279040398E-4","Q4","0.0272278279040398","false","ASV51_Mesorhizobium","ASV51"
"Alphaproteobacteria","Rhizobiaceae","ANPR","Bacteria","ASV50_ANPR","Rhizobiales","Proteobacteria","2.72171677235318E-4","Q4","0.0272171677235318","false","ASV50_ANPR","ASV50"
"Alphaproteobacteria","Rhizobiaceae","unknown","Bacteria","ASV498_unknown","Rhizobiales","Proteobacteria","1.26821929406512E-5","Q1","0.00126821929406512","false","ASV498_unknown","ASV498"
"Gammaproteobacteria","Pseudomonadaceae","Pseudomonas","Bacteria","ASV48_Pseudomonas","Pseudomonadales","Proteobacteria","0.00128114202266858","Q4","0.128114202266858","false","ASV48_Pseudomonas","ASV48"
"Alphaproteobacteria","NA","unknown","Bacteria","ASV458_unknown","Rhizobiales","Proteobacteria","2.68531984904032E-5","Q2","0.00268531984904032","false","ASV458_unknown","ASV458"
"Alphaproteobacteria","Rhizobiaceae","unknown","Bacteria","ASV426_unknown","Rhizobiales","Proteobacteria","2.91408075181284E-5","Q2","0.00291408075181284","false","ASV426_unknown","ASV426"
"Gammaproteobacteria","Pseudomonadaceae","unknown","Bacteria","ASV421_unknown","Pseudomonadales","Proteobacteria","2.13305450425622E-5","Q2","0.00213305450425622","false","ASV421_unknown","ASV421"
"Alphaproteobacteria","Rhizobiaceae","unknown","Bacteria","ASV396_unknown","Rhizobiales","Proteobacteria","2.06869916102476E-5","Q1","0.00206869916102476","false","ASV396_unknown","ASV396"
"Gammaproteobacteria","Pseudomonadaceae","unknown","Bacteria","ASV392_unknown","Pseudomonadales","Proteobacteria","1.85174793939239E-5","Q1","0.00185174793939239","false","ASV392_unknown","ASV392"
"Alphaproteobacteria","Rhizobiaceae","unknown","Bacteria","ASV386_unknown","Rhizobiales","Proteobacteria","3.70301982893936E-5","Q2","0.00370301982893936","false","ASV386_unknown","ASV386"
"Alphaproteobacteria","Rhizobiaceae","unknown","Bacteria","ASV375_unknown","Rhizobiales","Proteobacteria","2.12780397225893E-5","Q2","0.00212780397225893","false","ASV375_unknown","ASV375"
"Alphaproteobacteria","Rhizobiaceae","Mesorhizobium","Bacteria","ASV36_Mesorhizobium","Rhizobiales","Proteobacteria","5.73148584437194E-4","Q4","0.0573148584437194","false","ASV36_Mesorhizobium","ASV36"
"Alphaproteobacteria","Rhizobiaceae","unknown","Bacteria","ASV348_unknown","Rhizobiales","Proteobacteria","1.70909428262071E-5","Q1","0.00170909428262071","false","ASV348_unknown","ASV348"
"Alphaproteobacteria","Rhizobiaceae","Mesorhizobium","Bacteria","ASV336_Mesorhizobium","Rhizobiales","Proteobacteria","2.04257274172143E-5","Q1","0.00204257274172143","false","ASV336_Mesorhizobium","ASV336"
"Alphaproteobacteria","Rhizobiaceae","ANPR","Bacteria","ASV32_ANPR","Rhizobiales","Proteobacteria","6.30078376341708E-4","Q4","0.0630078376341708","false","ASV32_ANPR","ASV32"
"Gammaproteobacteria","Pseudomonadaceae","unknown","Bacteria","ASV307_unknown","Pseudomonadales","Proteobacteria","3.24610686507604E-5","Q2","0.00324610686507604","false","ASV307_unknown","ASV307"
"Alphaproteobacteria","Rhizobiaceae","Mesorhizobium","Bacteria","ASV292_Mesorhizobium","Rhizobiales","Proteobacteria","2.44634401125204E-5","Q2","0.00244634401125204","false","ASV292_Mesorhizobium","ASV292"
"Alphaproteobacteria","Rhizobiaceae","Mesorhizobium","Bacteria","ASV281_Mesorhizobium","Rhizobiales","Proteobacteria","2.18445082014536E-5","Q2","0.00218445082014536","false","ASV281_Mesorhizobium","ASV281"
"Alphaproteobacteria","Rhizobiaceae","Mesorhizobium","Bacteria","ASV274_Mesorhizobium","Rhizobiales","Proteobacteria","3.15210233353778E-5","Q2","0.00315210233353778","false","ASV274_Mesorhizobium","ASV274"
"Alphaproteobacteria","Rhizobiaceae","Mesorhizobium","Bacteria","ASV26_Mesorhizobium","Rhizobiales","Proteobacteria","0.00121126247200263","Q4","0.121126247200263","false","ASV26_Mesorhizobium","ASV26"
"Alphaproteobacteria","Rhizobiaceae","ANPR","Bacteria","ASV254_ANPR","Rhizobiales","Proteobacteria","2.53457737314956E-5","Q2","0.00253457737314956","false","ASV254_ANPR","ASV254"
"Alphaproteobacteria","Rhizobiaceae","Mesorhizobium","Bacteria","ASV247_Mesorhizobium","Rhizobiales","Proteobacteria","2.7152288084044E-5","Q2","0.0027152288084044","false","ASV247_Mesorhizobium","ASV247"
"Alphaproteobacteria","Rhizobiaceae","Mesorhizobium","Bacteria","ASV22_Mesorhizobium","Rhizobiales","Proteobacteria","9.22550407452541E-4","Q4","0.0922550407452541","false","ASV22_Mesorhizobium","ASV22"
"Alphaproteobacteria","Rhizobiaceae","Mesorhizobium","Bacteria","ASV197_Mesorhizobium","Rhizobiales","Proteobacteria","4.62453155489648E-5","Q2","0.00462453155489648","false","ASV197_Mesorhizobium","ASV197"
"Alphaproteobacteria","Rhizobiaceae","unknown","Bacteria","ASV185_unknown","Rhizobiales","Proteobacteria","3.77021668068546E-5","Q2","0.00377021668068546","false","ASV185_unknown","ASV185"
"Alphaproteobacteria","Rhizobiaceae","Mesorhizobium","Bacteria","ASV170_Mesorhizobium","Rhizobiales","Proteobacteria","4.29456479193577E-5","Q2","0.00429456479193577","false","ASV170_Mesorhizobium","ASV170"
"Alphaproteobacteria","Rhizobiaceae","ANPR","Bacteria","ASV17_ANPR","Rhizobiales","Proteobacteria","0.00128586714528304","Q4","0.128586714528304","false","ASV17_ANPR","ASV17"
"Alphaproteobacteria","Rhizobiaceae","Mesorhizobium","Bacteria","ASV161_Mesorhizobium","Rhizobiales","Proteobacteria","5.22316448725958E-5","Q2","0.00522316448725958","false","ASV161_Mesorhizobium","ASV161"
"Alphaproteobacteria","Rhizobiaceae","Mesorhizobium","Bacteria","ASV160_Mesorhizobium","Rhizobiales","Proteobacteria","5.139883282853E-5","Q2","0.005139883282853","false","ASV160_Mesorhizobium","ASV160"
"Alphaproteobacteria","Rhizobiaceae","Mesorhizobium","Bacteria","ASV158_Mesorhizobium","Rhizobiales","Proteobacteria","4.61204300696045E-5","Q2","0.00461204300696045","false","ASV158_Mesorhizobium","ASV158"
"Gammaproteobacteria","Burkholderiaceae","unknown","Bacteria","ASV1464_unknown","Betaproteobacteriales","Proteobacteria","2.83607299256981E-6","Q1","2.83607299256981E-4","false","ASV1464_unknown","ASV1464"
"Gammaproteobacteria","Pseudomonadaceae","unknown","Bacteria","ASV146_unknown","Pseudomonadales","Proteobacteria","8.80447967891866E-5","Q3","0.00880447967891866","false","ASV146_unknown","ASV146"
"Gammaproteobacteria","Pseudomonadaceae","unknown","Bacteria","ASV145_unknown","Pseudomonadales","Proteobacteria","8.12549102924287E-5","Q3","0.00812549102924287","false","ASV145_unknown","ASV145"
"Gammaproteobacteria","Burkholderiaceae","Rugamonas","Bacteria","ASV1447_Rugamonas","Betaproteobacteriales","Proteobacteria","2.8186770667309E-6","Q1","2.8186770667309E-4","false","ASV1447_Rugamonas","ASV1447"
"Alphaproteobacteria","Rhizobiaceae","unknown","Bacteria","ASV1431_unknown","Rhizobiales","Proteobacteria","2.65585354864717E-6","Q1","2.65585354864717E-4","false","ASV1431_unknown","ASV1431"
"Gammaproteobacteria","Burkholderiaceae","unknown","Bacteria","ASV1430_unknown","Betaproteobacteriales","Proteobacteria","2.65585354864717E-6","Q1","2.65585354864717E-4","false","ASV1430_unknown","ASV1430"
"Alphaproteobacteria","Rhizobiaceae","unknown","Bacteria","ASV142_unknown","Rhizobiales","Proteobacteria","5.48658640344505E-5","Q2","0.00548658640344505","false","ASV142_unknown","ASV142"
"Gammaproteobacteria","Pseudomonadaceae","Pseudomonas","Bacteria","ASV141_Pseudomonas","Pseudomonadales","Proteobacteria","1.23324289290446E-4","Q3","0.0123324289290446","false","ASV141_Pseudomonas","ASV141"
"Alphaproteobacteria","Rhizobiaceae","unknown","Bacteria","ASV1395_unknown","Rhizobiales","Proteobacteria","2.75070546109886E-6","Q1","2.75070546109886E-4","false","ASV1395_unknown","ASV1395"
"Gammaproteobacteria","Burkholderiaceae","unknown","Bacteria","ASV1257_unknown","Betaproteobacteriales","Proteobacteria","3.17753906713144E-6","Q1","3.17753906713144E-4","false","ASV1257_unknown","ASV1257"
"Gammaproteobacteria","Burkholderiaceae","Duganella","Bacteria","ASV1224_Duganella","Betaproteobacteriales","Proteobacteria","3.53615850189876E-6","Q1","3.53615850189876E-4","false","ASV1224_Duganella","ASV1224"
"Alphaproteobacteria","Rhizobiaceae","Mesorhizobium","Bacteria","ASV121_Mesorhizobium","Rhizobiales","Proteobacteria","6.91820101253945E-5","Q2","0.00691820101253945","false","ASV121_Mesorhizobium","ASV121"
"Alphaproteobacteria","Rhizobiaceae","ANPR","Bacteria","ASV120_ANPR","Rhizobiales","Proteobacteria","6.91884514614591E-5","Q2","0.00691884514614591","false","ASV120_ANPR","ASV120"
"Alphaproteobacteria","Rhizobiaceae","unknown","Bacteria","ASV1191_unknown","Rhizobiales","Proteobacteria","3.63922435878442E-6","Q1","3.63922435878442E-4","false","ASV1191_unknown","ASV1191"
"Alphaproteobacteria","Rhizobiaceae","ANPR","Bacteria","ASV117_ANPR","Rhizobiales","Proteobacteria","7.54604285063219E-5","Q3","0.00754604285063219","false","ASV117_ANPR","ASV117"
"Alphaproteobacteria","Rhizobiaceae","Mesorhizobium","Bacteria","ASV109_Mesorhizobium","Rhizobiales","Proteobacteria","8.64511885283407E-5","Q3","0.00864511885283407","false","ASV109_Mesorhizobium","ASV109"
"Alphaproteobacteria","Rhizobiaceae","Mesorhizobium","Bacteria","ASV852_Mesorhizobium","Rhizobiales","Proteobacteria","9.03122923262794E-6","Q1","9.03122923262794E-4","false","ASV852_Mesorhizobium","ASV852"
"Alphaproteobacteria","Rhizobiaceae","ANPR","Bacteria","ASV380_ANPR","Rhizobiales","Proteobacteria","2.7533652542835E-5","Q2","0.0027533652542835","false","ASV380_ANPR","ASV380"
"Alphaproteobacteria","Rhizobiaceae","Mesorhizobium","Bacteria","ASV215_Mesorhizobium","Rhizobiales","Proteobacteria","5.00075287531551E-5","Q2","0.00500075287531551","false","ASV215_Mesorhizobium","ASV215"
"Alphaproteobacteria","Rhizobiaceae","unknown","Bacteria","ASV1049_unknown","Rhizobiales","Proteobacteria","7.43627678118966E-6","Q1","7.43627678118966E-4","false","ASV1049_unknown","ASV1049"
"Alphaproteobacteria","Rhizobiaceae","ANPR","Bacteria","ASV1168_ANPR","Rhizobiales","Proteobacteria","6.54023087764651E-6","Q1","6.54023087764651E-4","false","ASV1168_ANPR","ASV1168"
"Alphaproteobacteria","Rhizobiaceae","unknown","Bacteria","ASV98_unknown","Rhizobiales","Proteobacteria","1.57652425478692E-4","Q3","0.0157652425478692","false","ASV98_unknown","ASV98"
"Alphaproteobacteria","Rhizobiaceae","ANPR","Bacteria","ASV93_ANPR","Rhizobiales","Proteobacteria","1.50911469787909E-4","Q3","0.0150911469787909","false","ASV93_ANPR","ASV93"
"Alphaproteobacteria","Rhizobiaceae","Mesorhizobium","Bacteria","ASV76_Mesorhizobium","Rhizobiales","Proteobacteria","1.94929360516224E-4","Q3","0.0194929360516224","false","ASV76_Mesorhizobium","ASV76"
"Alphaproteobacteria","Rhizobiaceae","ANPR","Bacteria","ASV74_ANPR","Rhizobiales","Proteobacteria","2.17032200264898E-4","Q3","0.0217032200264898","false","ASV74_ANPR","ASV74"
"Alphaproteobacteria","Rhizobiaceae","ANPR","Bacteria","ASV58_ANPR","Rhizobiales","Proteobacteria","3.38925727589201E-4","Q4","0.0338925727589201","false","ASV58_ANPR","ASV58"
"Alphaproteobacteria","Rhizobiaceae","ANPR","Bacteria","ASV56_ANPR","Rhizobiales","Proteobacteria","3.60841581509994E-4","Q4","0.0360841581509994","false","ASV56_ANPR","ASV56"
"Alphaproteobacteria","Rhizobiaceae","unknown","Bacteria","ASV43_unknown","Rhizobiales","Proteobacteria","4.76415403941363E-4","Q4","0.0476415403941363","false","ASV43_unknown","ASV43"
"Alphaproteobacteria","Rhizobiaceae","unknown","Bacteria","ASV27_unknown","Rhizobiales","Proteobacteria","0.00122987991322691","Q4","0.122987991322691","false","ASV27_unknown","ASV27"
"Alphaproteobacteria","Rhizobiaceae","Mesorhizobium","Bacteria","ASV250_Mesorhizobium","Rhizobiales","Proteobacteria","3.98979830572214E-5","Q2","0.00398979830572214","false","ASV250_Mesorhizobium","ASV250"
"Alphaproteobacteria","Rhizobiaceae","ANPR","Bacteria","ASV244_ANPR","Rhizobiales","Proteobacteria","3.85326675918693E-5","Q2","0.00385326675918693","false","ASV244_ANPR","ASV244"
"Alphaproteobacteria","Rhizobiaceae","Mesorhizobium","Bacteria","ASV231_Mesorhizobium","Rhizobiales","Proteobacteria","4.37600498201005E-5","Q2","0.00437600498201005","false","ASV231_Mesorhizobium","ASV231"
"Alphaproteobacteria","Rhizobiaceae","Mesorhizobium","Bacteria","ASV217_Mesorhizobium","Rhizobiales","Proteobacteria","4.51287340790605E-5","Q2","0.00451287340790605","false","ASV217_Mesorhizobium","ASV217"
"Alphaproteobacteria","Rhizobiaceae","unknown","Bacteria","ASV202_unknown","Rhizobiales","Proteobacteria","5.17236370669032E-5","Q2","0.00517236370669032","false","ASV202_unknown","ASV202"
"Alphaproteobacteria","Rhizobiaceae","Mesorhizobium","Bacteria","ASV188_Mesorhizobium","Rhizobiales","Proteobacteria","5.7009860242287E-5","Q2","0.0057009860242287","false","ASV188_Mesorhizobium","ASV188"
"Alphaproteobacteria","Rhizobiaceae","Mesorhizobium","Bacteria","ASV166_Mesorhizobium","Rhizobiales","Proteobacteria","8.02309889319886E-5","Q3","0.00802309889319886","false","ASV166_Mesorhizobium","ASV166"
"Alphaproteobacteria","Rhizobiaceae","ANPR","Bacteria","ASV144_ANPR","Rhizobiales","Proteobacteria","7.5619351423656E-5","Q3","0.0075619351423656","false","ASV144_ANPR","ASV144"
"Alphaproteobacteria","Rhizobiaceae","unknown","Bacteria","ASV135_unknown","Rhizobiales","Proteobacteria","7.99711759062278E-5","Q3","0.00799711759062278","false","ASV135_unknown","ASV135"
"Alphaproteobacteria","Rhizobiaceae","unknown","Bacteria","ASV125_unknown","Rhizobiales","Proteobacteria","8.89063245140437E-5","Q3","0.00889063245140437","false","ASV125_unknown","ASV125"
"Alphaproteobacteria","Rhizobiaceae","Mesorhizobium","Bacteria","ASV124_Mesorhizobium","Rhizobiales","Proteobacteria","9.22291616418016E-5","Q3","0.00922291616418016","false","ASV124_Mesorhizobium","ASV124"
"Alphaproteobacteria","Rhizobiaceae","Mesorhizobium","Bacteria","ASV118_Mesorhizobium","Rhizobiales","Proteobacteria","9.9915714649183E-5","Q3","0.0099915714649183","false","ASV118_Mesorhizobium","ASV118"
"Alphaproteobacteria","Rhizobiaceae","ANPR","Bacteria","ASV110_ANPR","Rhizobiales","Proteobacteria","1.14079575763712E-4","Q3","0.0114079575763712","false","ASV110_ANPR","ASV110"
"Alphaproteobacteria","Rhizobiaceae","Mesorhizobium","Bacteria","ASV108_Mesorhizobium","Rhizobiales","Proteobacteria","1.2617852589245E-4","Q3","0.012617852589245","false","ASV108_Mesorhizobium","ASV108"
"Alphaproteobacteria","Rhizobiaceae","Mesorhizobium","Bacteria","ASV104_Mesorhizobium","Rhizobiales","Proteobacteria","1.39485220042898E-4","Q3","0.0139485220042898","false","ASV104_Mesorhizobium","ASV104"
"Alphaproteobacteria","Rhizobiaceae","unknown","Bacteria","ASV954_unknown","Rhizobiales","Proteobacteria","6.15233418438557E-6","Q1","6.15233418438557E-4","false","ASV954_unknown","ASV954"
"Alphaproteobacteria","Rhizobiaceae","ANPR","Bacteria","ASV80_ANPR","Rhizobiales","Proteobacteria","1.90546138865201E-4","Q3","0.0190546138865201","false","ASV80_ANPR","ASV80"
"Alphaproteobacteria","Rhizobiaceae","Mesorhizobium","Bacteria","ASV8_Mesorhizobium","Rhizobiales","Proteobacteria","0.00460612403808624","Q4","0.460612403808624","false","ASV8_Mesorhizobium","ASV8"
"Alphaproteobacteria","Rhizobiaceae","Mesorhizobium","Bacteria","ASV64_Mesorhizobium","Rhizobiales","Proteobacteria","3.17398139590303E-4","Q4","0.0317398139590303","false","ASV64_Mesorhizobium","ASV64"
"Alphaproteobacteria","Rhizobiaceae","Mesorhizobium","Bacteria","ASV60_Mesorhizobium","Rhizobiales","Proteobacteria","3.00223783769496E-4","Q4","0.0300223783769496","false","ASV60_Mesorhizobium","ASV60"
"Alphaproteobacteria","Rhizobiaceae","unknown","Bacteria","ASV41_unknown","Rhizobiales","Proteobacteria","5.27682024981783E-4","Q4","0.0527682024981783","false","ASV41_unknown","ASV41"
"Alphaproteobacteria","Rhizobiaceae","Mesorhizobium","Bacteria","ASV382_Mesorhizobium","Rhizobiales","Proteobacteria","1.97734526114093E-5","Q1","0.00197734526114093","false","ASV382_Mesorhizobium","ASV382"
"Gammaproteobacteria","Burkholderiaceae","Variovorax","Bacteria","ASV218_Variovorax","Betaproteobacteriales","Proteobacteria","4.08487839599656E-5","Q2","0.00408487839599656","false","ASV218_Variovorax","ASV218"
"Gammaproteobacteria","Burkholderiaceae","unknown","Bacteria","ASV1032_unknown","Betaproteobacteriales","Proteobacteria","5.59922284031309E-6","Q1","5.59922284031309E-4","false","ASV1032_unknown","ASV1032"
"Alphaproteobacteria","Rhizobiaceae","ANPR","Bacteria","ASV95_ANPR","Rhizobiales","Proteobacteria","1.99505713537107E-4","Q3","0.0199505713537107","false","ASV95_ANPR","ASV95"
"Alphaproteobacteria","Rhizobiaceae","ANPR","Bacteria","ASV9_ANPR","Rhizobiales","Proteobacteria","0.00421654366665235","Q4","0.421654366665235","false","ASV9_ANPR","ASV9"
"Alphaproteobacteria","Rhizobiaceae","ANPR","Bacteria","ASV89_ANPR","Rhizobiales","Proteobacteria","2.1317105817775E-4","Q3","0.021317105817775","false","ASV89_ANPR","ASV89"
"Alphaproteobacteria","Rhizobiaceae","ANPR","Bacteria","ASV82_ANPR","Rhizobiales","Proteobacteria","2.21244461990287E-4","Q3","0.0221244461990288","false","ASV82_ANPR","ASV82"
"Alphaproteobacteria","Rhizobiaceae","ANPR","Bacteria","ASV78_ANPR","Rhizobiales","Proteobacteria","2.31976758825443E-4","Q3","0.0231976758825443","false","ASV78_ANPR","ASV78"
"Alphaproteobacteria","Rhizobiaceae","ANPR","Bacteria","ASV75_ANPR","Rhizobiales","Proteobacteria","2.68917169888052E-4","Q4","0.0268917169888052","false","ASV75_ANPR","ASV75"
"Alphaproteobacteria","Rhizobiaceae","ANPR","Bacteria","ASV72_ANPR","Rhizobiales","Proteobacteria","2.76533581214178E-4","Q4","0.0276533581214178","false","ASV72_ANPR","ASV72"
"Alphaproteobacteria","Rhizobiaceae","Mesorhizobium","Bacteria","ASV68_Mesorhizobium","Rhizobiales","Proteobacteria","2.5657179562877E-4","Q4","0.025657179562877","false","ASV68_Mesorhizobium","ASV68"
"Alphaproteobacteria","Rhizobiaceae","ANPR","Bacteria","ASV61_ANPR","Rhizobiales","Proteobacteria","3.45375195938958E-4","Q4","0.0345375195938958","false","ASV61_ANPR","ASV61"
"Alphaproteobacteria","Rhizobiaceae","ANPR","Bacteria","ASV49_ANPR","Rhizobiales","Proteobacteria","4.96623268611739E-4","Q4","0.0496623268611739","false","ASV49_ANPR","ASV49"
"Alphaproteobacteria","Rhizobiaceae","Mesorhizobium","Bacteria","ASV47_Mesorhizobium","Rhizobiales","Proteobacteria","3.94614955757954E-4","Q4","0.0394614955757954","false","ASV47_Mesorhizobium","ASV47"
"Alphaproteobacteria","Rhizobiaceae","unknown","Bacteria","ASV39_unknown","Rhizobiales","Proteobacteria","6.33994257973038E-4","Q4","0.0633994257973038","false","ASV39_unknown","ASV39"
"Alphaproteobacteria","Rhizobiaceae","unknown","Bacteria","ASV37_unknown","Rhizobiales","Proteobacteria","6.02815360747395E-4","Q4","0.0602815360747395","false","ASV37_unknown","ASV37"
"Alphaproteobacteria","Rhizobiaceae","Mesorhizobium","Bacteria","ASV35_Mesorhizobium","Rhizobiales","Proteobacteria","8.24524191761652E-4","Q4","0.0824524191761652","false","ASV35_Mesorhizobium","ASV35"
"Alphaproteobacteria","Rhizobiaceae","ANPR","Bacteria","ASV34_ANPR","Rhizobiales","Proteobacteria","8.68083685562294E-4","Q4","0.0868083685562294","false","ASV34_ANPR","ASV34"
"Alphaproteobacteria","Rhizobiaceae","ANPR","Bacteria","ASV33_ANPR","Rhizobiales","Proteobacteria","9.31192872441299E-4","Q4","0.0931192872441299","false","ASV33_ANPR","ASV33"
"Alphaproteobacteria","Rhizobiaceae","Mesorhizobium","Bacteria","ASV31_Mesorhizobium","Rhizobiales","Proteobacteria","9.26499303324474E-4","Q4","0.0926499303324474","false","ASV31_Mesorhizobium","ASV31"
"Alphaproteobacteria","Rhizobiaceae","ANPR","Bacteria","ASV3_ANPR","Rhizobiales","Proteobacteria","0.0809889943499829","Q4","8.09889943499829","false","ASV3_ANPR","ASV3"
"Alphaproteobacteria","Rhizobiaceae","ANPR","Bacteria","ASV261_ANPR","Rhizobiales","Proteobacteria","4.23015899829851E-5","Q2","0.00423015899829851","false","ASV261_ANPR","ASV261"
"Alphaproteobacteria","Rhizobiaceae","ANPR","Bacteria","ASV21_ANPR","Rhizobiales","Proteobacteria","0.00148666437236467","Q4","0.148666437236467","false","ASV21_ANPR","ASV21"
"Alphaproteobacteria","Rhizobiaceae","ANPR","Bacteria","ASV18_ANPR","Rhizobiales","Proteobacteria","0.00190777349475369","Q4","0.190777349475369","false","ASV18_ANPR","ASV18"
"Alphaproteobacteria","Rhizobiaceae","unknown","Bacteria","ASV178_unknown","Rhizobiales","Proteobacteria","6.26854979599836E-5","Q2","0.00626854979599836","false","ASV178_unknown","ASV178"
"Alphaproteobacteria","Rhizobiaceae","unknown","Bacteria","ASV176_unknown","Rhizobiales","Proteobacteria","6.60599216177717E-5","Q2","0.00660599216177717","false","ASV176_unknown","ASV176"
"Alphaproteobacteria","Rhizobiaceae","ANPR","Bacteria","ASV162_ANPR","Rhizobiales","Proteobacteria","8.61516238109E-5","Q3","0.00861516238109","false","ASV162_ANPR","ASV162"
"Alphaproteobacteria","Rhizobiaceae","ANPR","Bacteria","ASV154_ANPR","Rhizobiales","Proteobacteria","8.77363330015268E-5","Q3","0.00877363330015268","false","ASV154_ANPR","ASV154"
"Alphaproteobacteria","Rhizobiaceae","ANPR","Bacteria","ASV153_ANPR","Rhizobiales","Proteobacteria","7.29108231682681E-5","Q2","0.00729108231682681","false","ASV153_ANPR","ASV153"
"Alphaproteobacteria","Rhizobiaceae","Mesorhizobium","Bacteria","ASV15_Mesorhizobium","Rhizobiales","Proteobacteria","0.00222207151826115","Q4","0.222207151826115","false","ASV15_Mesorhizobium","ASV15"
"Alphaproteobacteria","Rhizobiaceae","ANPR","Bacteria","ASV139_ANPR","Rhizobiales","Proteobacteria","8.40218963976462E-5","Q3","0.00840218963976462","false","ASV139_ANPR","ASV139"
"Alphaproteobacteria","Rhizobiaceae","ANPR","Bacteria","ASV137_ANPR","Rhizobiales","Proteobacteria","8.41508298375194E-5","Q3","0.00841508298375194","false","ASV137_ANPR","ASV137"
"Alphaproteobacteria","Rhizobiaceae","ANPR","Bacteria","ASV133_ANPR","Rhizobiales","Proteobacteria","1.03322617435698E-4","Q3","0.0103322617435698","false","ASV133_ANPR","ASV133"
"Alphaproteobacteria","Rhizobiaceae","unknown","Bacteria","ASV126_unknown","Rhizobiales","Proteobacteria","9.66151800788517E-5","Q3","0.00966151800788517","false","ASV126_unknown","ASV126"
"Alphaproteobacteria","Rhizobiaceae","Mesorhizobium","Bacteria","ASV12_Mesorhizobium","Rhizobiales","Proteobacteria","0.0034203281543215","Q4","0.34203281543215","false","ASV12_Mesorhizobium","ASV12"
"Alphaproteobacteria","Rhizobiaceae","Mesorhizobium","Bacteria","ASV111_Mesorhizobium","Rhizobiales","Proteobacteria","1.08641833171235E-4","Q3","0.0108641833171235","false","ASV111_Mesorhizobium","ASV111"
"Alphaproteobacteria","Rhizobiaceae","unknown","Bacteria","ASV11_unknown","Rhizobiales","Proteobacteria","0.00363325400538902","Q4","0.363325400538902","false","ASV11_unknown","ASV11"
"Alphaproteobacteria","Rhizobiaceae","Mesorhizobium","Bacteria","ASV1_Mesorhizobium","Rhizobiales","Proteobacteria","0.604241861640268","Max","60.4241861640268","false","ASV1_Mesorhizobium","ASV1"
"Alphaproteobacteria","Rhizobiaceae","Mesorhizobium","Bacteria","ASV106_Mesorhizobium","Rhizobiales","Proteobacteria","1.40387304617879E-4","Q3","0.0140387304617879","false","ASV106_Mesorhizobium","ASV106"
